# One crawl pass per line: name, PIB region code, language feed, columns to fetch (offices.tsv has the codes).
delhi-en	3	1	hi,ur,mr,gom,pa,bn,kn,or,gu,as,ml,mni,ne,ta,te,lus,kha,njm
mumbai-mr	1	9	en
mumbai-gom	1	42	en
hyderabad-te	5	16	en
chennai-ta	6	11	en
chandigarh-pa	17	6	en
kolkata-bn	19	4	en
bengaluru-kn	20	8	en
bhubaneswar-or	21	18	en
ahmedabad-gu	22	13	en
guwahati-as	23	10	en
thiruvananthapuram-ml	24	15	en
imphal-mni	30	14	en
gangtok-ne	33	29	en
shillong-kha	35	30	en
agartala-bn	32	37	en
mizoram-lus	31	32	en
kohima-njm	34	31	en
vijayawada-te	45	46	en
jk-ur	44	44	en
